track_id,track_name,track_artist,track_artist_id,track_popularity,track_album_id,track_album_name,album_release_date,danceability,energy,key,loudness,mode,speechiness,acousticness,instrumentalness,liveness,valence,tempo,duration_ms
0uLT7dUvIMUyPqW8TLqqaE,All These Years,Sawyer Brown,50hFWG3MaUUX5phNrrVc97,17,2diBQWcNRhSXmQswC082M9,Greatest Hits 1990-1995,1995-01-24,0.433,0.255,6,-7.257,1,0.0273,0.764,0,0.12,0.184,142.891,201693
0JXOdaqTOfGEXXUEw7XvbX,The Wagon,Dinosaur Jr.,267VY6GX5LyU5c9M85ECZQ,16,4eZ76irqXk1wvH7yPnMxtc,Puke + Cry: The Sire Years 1990-1997,2024-09-06,0.255,0.984,7,-6.37,1,0.0957,4.05e-05,0.000386,0.417,0.208,171.792,296186
02ZdZqhpfrPnxwyakXgxB8,Lump,The Presidents Of The United States Of America,1lZvg4fNAqHoj6I9N8naBM,69,7qh8188T5LB7bdCBlk6SO1,The Presidents of The United States of America: Ten Year Super Bonus Special Anniversary Edition,1995-01-01,0.507,0.882,6,-3.917,1,0.0337,0.0053,0,0.177,0.907,142.398,134200
7DOazUUfiRn9Nq6jiCCIxX,99,SUCKERPUNCH!,02tk2pnlF7dDfwMVhth4pp,29,62vIo3Eoa6bDTxibXgUkzg,99,2024-04-24,0.551,0.887,11,-4.627,1,0.0607,0.00556,0,0.353,0.758,94.029,162557
4VF14xalVYlSc7oMztGILz,25 Years Too Late,The Casualties,5uMNhVG30JzeZ5xtPb1tqR,6,1uZ9gjdwx4BREXrKfcijo9,The Early Years 1990 - 1995,1999-01-01,0.31,0.95,4,-5.696,1,0.274,0.00107,0.000203,0.224,0.395,167.508,110178
0Pu71wxadDlB8fJXfjIjeJ,Shoop,Salt-N-Pepa,7wqtxqI3eo7Gn1P7SpP6cQ,69,2W2EmEpud13QHlhCFS9P8g,Very Necessary,1993-10-12,0.939,0.674,0,-7.232,1,0.212,0.091,0,0.0565,0.792,96.918,248573
5P7OmNMrwRZlaTh2SqfyUx,Puke + Cry - 2019 Remaster,Dinosaur Jr.,267VY6GX5LyU5c9M85ECZQ,15,4eZ76irqXk1wvH7yPnMxtc,Puke + Cry: The Sire Years 1990-1997,2024-09-06,0.38,0.935,0,-7.122,1,0.0456,0.000389,4.93e-06,0.144,0.645,103.067,267653
3zgm3SqQfSJQKjddMWXBTs,Punk Rock Love,The Casualties,5uMNhVG30JzeZ5xtPb1tqR,11,1uZ9gjdwx4BREXrKfcijo9,The Early Years 1990 - 1995,1999-01-01,0.204,0.92,2,-4.676,1,0.0561,0.00562,0.909,0.0948,0.278,81.832,120395
1cbxxnbnES1i08QLx0fX1S,Back When (1997),DROELOE,0u18Cq5stIQLUoIaULzDmA,27,04AKWj2Cg2p6nfzEOH5YR5,A Matter Of Perspective,2020-11-13,0.637,0.391,10,-9.743,0,0.0407,0.031,0.706,0.11,0.0372,130.026,154615
6qspW4YKycviDFjHBOaqUY,Waterfalls,TLC,0TImkz4nPqjegtVSMZnMRq,73,5eg56dCpFn32neJak2vk0f,Crazysexycool,1994-11-15,0.769,0.505,1,-7.345,1,0.0829,0.311,7.49e-05,0.0777,0.757,171.804,279506
4LJhJ6DQS7NwE7UKtvcM52,What's My Age Again?,blink-182,6FBDaR13swtiWwGhX1WQsP,77,652N05EcNH1a4bIlUixQE2,Enema Of The State,1999-06-01,0.391,0.951,6,-7.419,1,0.0688,0.012,0.000446,0.0878,0.468,157.663,148360
6pY9OSp1WpGkaQ4XUNlpmn,Oi! Song,The Casualties,5uMNhVG30JzeZ5xtPb1tqR,10,1uZ9gjdwx4BREXrKfcijo9,The Early Years 1990 - 1995,1999-01-01,0.389,0.77,1,-5.085,0,0.0501,0.00191,0.877,0.437,0.489,141.771,89443
1jLLZqpmFOaxTP4wbpdFEd,Blowing It - 2019 Remaster,Dinosaur Jr.,267VY6GX5LyU5c9M85ECZQ,14,4eZ76irqXk1wvH7yPnMxtc,Puke + Cry: The Sire Years 1990-1997,2024-09-06,0.495,0.881,7,-8.687,1,0.0458,0.000354,8.41e-05,0.0924,0.782,145.651,164960
1aWV3uY3SIEZVbmv45oFWS,Creep,TLC,0TImkz4nPqjegtVSMZnMRq,64,5eg56dCpFn32neJak2vk0f,Crazysexycool,1994-11-15,0.811,0.458,5,-9.688,0,0.0402,0.0193,1.41e-06,0.0526,0.797,92.94,268533
3LYh34FeJcFjO1fbvs9SOU,Back When (1997),DROELOE,0u18Cq5stIQLUoIaULzDmA,8,7oahaM93xY9DOiQA1avnNI,A Moment In Time,2017-08-22,0.687,0.39,10,-9.697,0,0.0408,0.0323,0.765,0.107,0.0372,130.027,154615
44DWDEGcmNMWiALGFfoVOA,40 Ounce Casualty,The Casualties,5uMNhVG30JzeZ5xtPb1tqR,8,1uZ9gjdwx4BREXrKfcijo9,The Early Years 1990 - 1995,1999-01-01,0.25,0.87,11,-5.703,0,0.0631,0.000291,6.26e-05,0.67,0.559,79.895,105488
5DiXcVovI0FcY2s0icWWUu,Mr. Jones,Counting Crows,0vEsuISMWAKNctLlUAhSZC,76,4nKfZbCALT9H9LfedtDwnZ,August And Everything After,1993-01-01,0.578,0.817,0,-6.541,1,0.0363,0.183,2.85e-06,0.285,0.734,141.621,272293
0ttHpMs250dpFkCYAnuhnE,Good,Better Than Ezra,4UuoJfJ9UybJft7a8E6UHX,58,0c8yj78CBgDsEvq9pzudIS,Deluxe,1995-02-28,0.615,0.657,7,-6.873,1,0.029,0.000372,0.0204,0.132,0.792,109.95,185093
4GOfYrHbNtqyKFdml3HGCL,I Live For That Look - 2019 Remaster,Dinosaur Jr.,267VY6GX5LyU5c9M85ECZQ,13,4eZ76irqXk1wvH7yPnMxtc,Puke + Cry: The Sire Years 1990-1997,2024-09-06,0.299,0.948,0,-5.774,1,0.0648,2.5e-05,0,0.129,0.349,146.112,116400
2uPnAm6jSu2nbn8XA2pqKk,Fuck You All,The Casualties,5uMNhVG30JzeZ5xtPb1tqR,8,1uZ9gjdwx4BREXrKfcijo9,The Early Years 1990 - 1995,1999-01-01,0.223,0.997,6,-4.002,0,0.109,0.0666,0,0.0988,0.294,172.769,158685
05dCndyWKcjaUeUbVJzR0F,1996,Ander Mac,6nqQnyjBR48HfJvLGJ650U,0,0TIlvfvRq9mYo3ibQJgeFL,Alter Ego,2022-11-01,0.817,0.798,11,-5.424,0,0.255,0.436,0,0.31,0.727,130.012,231230
2He3NOyqtLNE3RQPpeDdSb,Groove Is in the Heart,Deee-Lite,4eQJIXFEujzhTVVS1gIfu5,67,4sTAgYLZy5zwqR3kT1g0oh,World Clique,1990-08-07,0.694,0.881,1,-4.053,0,0.0701,0.0153,0.0196,0.0851,0.924,121.554,231786
5Iusq0v27M1BSP0V18b5Br,Ugly Bastards,The Casualties,5uMNhVG30JzeZ5xtPb1tqR,9,1uZ9gjdwx4BREXrKfcijo9,The Early Years 1990 - 1995,1999-01-01,0.347,0.897,6,-4.974,1,0.0688,0.00322,0.00369,0.305,0.576,115.059,119257
6hrT8u8fJBWKxa5u8wRZMd,How'd You Pin That One On Me - 2019 Remaster,Dinosaur Jr.,267VY6GX5LyU5c9M85ECZQ,12,4eZ76irqXk1wvH7yPnMxtc,Puke + Cry: The Sire Years 1990-1997,2024-09-06,0.229,0.99,1,-5.378,0,0.103,3.06e-05,0.00131,0.109,0.291,97.508,263653
7wqVUlea2mUe3N5a2X8YA4,1990something,Sub-Radio,2lCUVconWp5YjxdYssfZ8J,45,2Zrje7pF0RHwhbKcAuwnj0,1990something,2022-07-08,0.589,0.893,4,-3.123,1,0.0414,0.000844,0,0.365,0.564,150.963,183055
5huLMzIzFEdVcvEzt2hfk1,Peaches,The Presidents Of The United States Of America,1lZvg4fNAqHoj6I9N8naBM,61,7qh8188T5LB7bdCBlk6SO1,The Presidents of The United States of America: Ten Year Super Bonus Special Anniversary Edition,1995-01-01,0.414,0.853,11,-4.198,1,0.0453,0.0181,0.0012,0.049,0.624,93.77,171693
31uta0DdYQHpKpCfoLp7Li,Destruction and Hate,The Casualties,5uMNhVG30JzeZ5xtPb1tqR,8,1uZ9gjdwx4BREXrKfcijo9,The Early Years 1990 - 1995,1999-01-01,0.232,0.818,9,-5.766,1,0.0515,7.01e-05,0.000281,0.616,0.594,70.978,162052
3IA53mJeSImxuymDsQTtLa,Flying Cloud - 2019 Remaster,Dinosaur Jr.,267VY6GX5LyU5c9M85ECZQ,12,4eZ76irqXk1wvH7yPnMxtc,Puke + Cry: The Sire Years 1990-1997,2024-09-06,0.357,0.46,2,-10.529,0,0.0261,0.318,3.49e-06,0.141,0.652,93.919,155426
35qwJUKVy1OIt0wQ3xEXi0,Round Here,Counting Crows,0vEsuISMWAKNctLlUAhSZC,59,4nKfZbCALT9H9LfedtDwnZ,August And Everything After,1993-01-01,0.313,0.477,7,-9.37,1,0.0342,0.143,7.31e-05,0.0814,0.186,94.192,331400
2nMuFAH5KApU31I8HCHlr8,Political Sin,The Casualties,5uMNhVG30JzeZ5xtPb1tqR,8,1uZ9gjdwx4BREXrKfcijo9,The Early Years 1990 - 1995,1999-01-01,0.284,0.912,6,-6.485,1,0.0621,0.000244,0.222,0.481,0.664,130.885,108204
5ibex0LAmZ1qLWCXY3mCpw,Thumb - 2019 Remaster,Dinosaur Jr.,267VY6GX5LyU5c9M85ECZQ,11,4eZ76irqXk1wvH7yPnMxtc,Puke + Cry: The Sire Years 1990-1997,2024-09-06,0.411,0.858,7,-6.808,1,0.0779,0.248,0.000512,0.123,0.411,142.546,338373
6CUWzTRmC1GjjSDTtiVfsI,None Of Your Business,Salt-N-Pepa,7wqtxqI3eo7Gn1P7SpP6cQ,54,2W2EmEpud13QHlhCFS9P8g,Very Necessary,1993-10-12,0.765,0.569,6,-9.511,1,0.479,0.193,0,0.0586,0.752,197.9,213173
1HSVpIU0XU1WuwiBLBWAZd,The World I Know,Collective Soul,4e5V1Q2dKCzbLVMQ8qbTn6,63,6zGQoUd5QQ65xMx5OycFgE,Collective Soul,1995-03-14,0.514,0.704,2,-4.724,1,0.0261,0.0508,0.00214,0.228,0.386,76.972,255466
1Z8ASrykdJuUdMnfOvJVaI,For the Punx,The Casualties,5uMNhVG30JzeZ5xtPb1tqR,8,1uZ9gjdwx4BREXrKfcijo9,The Early Years 1990 - 1995,1999-01-01,0.298,0.98,2,-5.532,1,0.22,0.000499,1.92e-05,0.0353,0.196,89.361,163654
6FV0G9whYipeeiTju3DZyU,Water - 2019 Remaster,Dinosaur Jr.,267VY6GX5LyU5c9M85ECZQ,12,4eZ76irqXk1wvH7yPnMxtc,Puke + Cry: The Sire Years 1990-1997,2024-09-06,0.296,0.936,7,-7.638,1,0.113,0.00349,0.000831,0.116,0.475,137.7,338306
4ti5I6Wxmj8CNpAxVHKohx,Tyler,Toadies,2QMMktUMtwMSwUZATX1cRO,48,7tFTqVGHceSlXOaz8IylBN,Rubberneck,1994-01-01,0.349,0.781,2,-9.789,1,0.029,5.03e-05,0.0264,0.187,0.496,183.768,253173
78YXlqKHyQUtjILR1CkcP1,Kill the Hippies,The Casualties,5uMNhVG30JzeZ5xtPb1tqR,8,1uZ9gjdwx4BREXrKfcijo9,The Early Years 1990 - 1995,1999-01-01,0.281,0.901,11,-6.717,0,0.0846,0.0323,0.888,0.351,0.45,79.468,90650
6u9SShJ2ehaaa0tQA7L5kx,Muck - 2019 Remaster,Dinosaur Jr.,267VY6GX5LyU5c9M85ECZQ,11,4eZ76irqXk1wvH7yPnMxtc,Puke + Cry: The Sire Years 1990-1997,2024-09-06,0.51,0.843,8,-7.531,1,0.031,6.64e-05,0.00622,0.0685,0.786,113.073,255933
6dW75XbJ1WAMljOXWjTK46,Red Light Special,TLC,0TImkz4nPqjegtVSMZnMRq,53,5eg56dCpFn32neJak2vk0f,Crazysexycool,1994-11-15,0.52,0.449,5,-8.957,0,0.0331,0.205,0.000687,0.191,0.364,189.243,303960
2hx4ptqsE8dboLH3NCLmaN,Father Of Mine,Everclear,694QW15WkebjcrWgQHzRYF,60,7xk1Tl6UZ8OALZkFEagPsM,So Much For The Afterglow,1997-10-07,0.568,0.94,1,-5.401,1,0.0411,0.000431,4.96e-05,0.0779,0.738,97.096,231400
7bUT2PR8aS65zhQSYBDlOC,Bored and Glued,The Casualties,5uMNhVG30JzeZ5xtPb1tqR,7,1uZ9gjdwx4BREXrKfcijo9,The Early Years 1990 - 1995,1999-01-01,0.299,0.873,4,-7.042,0,0.0523,0.00013,0.489,0.359,0.636,91.135,100124
6JeM5gAhLpnveq7LySlSqA,Green Mind - 2019 Remaster,Dinosaur Jr.,267VY6GX5LyU5c9M85ECZQ,11,4eZ76irqXk1wvH7yPnMxtc,Puke + Cry: The Sire Years 1990-1997,2024-09-06,0.377,0.911,1,-7.463,0,0.0564,5.83e-05,0,0.368,0.613,134.215,299840
3P5IxgmbTBhBV6qE867LmD,It Ain't Like That,Alice In Chains,64tNsm6TnZe2zpcMVMOoHL,54,5LbHbwejgZXRZAgzVAjkhj,Facelift,1990-08-01,0.445,0.842,8,-7.9,0,0.0417,0.00905,3.57e-05,0.295,0.676,102.859,277693
56SkdBKyR2zOkjk6wVFI9s,Possum Kingdom,Toadies,2QMMktUMtwMSwUZATX1cRO,60,7tFTqVGHceSlXOaz8IylBN,Rubberneck,1994-01-01,0.643,0.726,9,-9.314,1,0.0255,0.000772,0.00969,0.07,0.925,100.687,308333
6fcbQ12I6qvyw6WJ8bjRxJ,Drinking Is Our Way of Life,The Casualties,5uMNhVG30JzeZ5xtPb1tqR,6,1uZ9gjdwx4BREXrKfcijo9,The Early Years 1990 - 1995,1999-01-01,0.3,0.916,2,-6.717,1,0.111,0.215,0.904,0.907,0.37,87.48,149629
4rTkmZ4soSkcfqj4rAD2jv,Out There - 2019 Remaster,Dinosaur Jr.,267VY6GX5LyU5c9M85ECZQ,9,4eZ76irqXk1wvH7yPnMxtc,Puke + Cry: The Sire Years 1990-1997,2024-09-06,0.18,0.921,5,-8.124,0,0.135,0.000498,0.331,0.216,0.252,138.895,354240
6hTBP6QLwJdxbKyLlLXrGo,Let's Talk About Sex,Salt-N-Pepa,7wqtxqI3eo7Gn1P7SpP6cQ,57,4iCiqnufcdAdTyKrkKGwqR,Blacks' Magic,1990-01-01,0.863,0.543,6,-13.497,1,0.13,0.0507,0,0.241,0.799,106.929,213266
2QSUyofqpGDCo026OPiTBQ,1999 - 2019 Remaster,Prince,5a2EaR3hamoenG9rDuVn8j,54,34MHuXONazzgSxI0cThpAg,1999,1982-10-27,0.864,0.826,10,-5.496,1,0.0814,0.23,2.36e-06,0.0663,0.596,118.955,373747
6gHW0h0GSlQqRjot8QKBJR,No Life,The Casualties,5uMNhVG30JzeZ5xtPb1tqR,6,1uZ9gjdwx4BREXrKfcijo9,The Early Years 1990 - 1995,1999-01-01,0.249,0.956,10,-7.679,0,0.0486,0.00215,0.702,0.37,0.56,89.579,140062
4dYE0RSVIaRj3b7tZtqbHf,Pebbles + Weeds - 2019 Remaster,Dinosaur Jr.,267VY6GX5LyU5c9M85ECZQ,10,4eZ76irqXk1wvH7yPnMxtc,Puke + Cry: The Sire Years 1990-1997,2024-09-06,0.147,0.994,8,-5.332,1,0.146,0.00631,0.282,0.0774,0.0751,157.986,323826
22EurJbYRV6UNrhCQdcZNl,Transparent Waves - Original Mix 2000,Analog Trip,5KVi0koi8xi0zTd69azBnY,0,2PIGl8WoQz1HZWFMLB2NAC,Anniversary 20 Years of Analog Trip [1996-2016] Best Of,2016-12-26,0.801,0.567,11,-9.421,1,0.0743,0.222,0.593,0.0621,0.864,158.44,472809
2umDSCqEya8Pbt5OZqANal,きみみたいにきれいな女の子,ピチカート・ファイヴ,0IQalWuw5NBk1xXG5GK0Bv,31,6XXYHc8PtLy885hQNeA4gC,THE BAND OF 20TH CENTURY: Nippon Columbia Years 1991-2001,2019-11-06,0.696,0.81,10,-5.358,0,0.0364,0.375,0.0137,0.263,0.818,105.012,268066
7cecVBulTjnD5mtY4pbqcm,Jesus Drives a Sebring,Men Who Sneeze,7ApDTGqIPKt98XSkk32Ard,0,2MRwdxlxrcpgwa6msMQlus,Ditch Kids,2022-02-11,0.641,0.532,8,-13.036,1,0.0359,0.0833,0.0534,0.0634,0.637,100.352,169409
552YVQeFAqVFNIEK6bLTRQ,It Was a Very Good Year (As Made Famous By Robbie Williams),The Karaoke Crew,0GRelLAVHzwasg0Ja7gJUy,0,2wNSoXvAWV1Ehk4MN6iamG,Drew's Famous # 1 Karaoke Hits: Sing Like Robbie Williams 1996-2000,2010-09-21,0.232,0.109,7,-15.031,0,0.0315,0.728,0.367,0.147,0.0746,147.765,292013
1FTSo4v6BOZH9QxKc3MbVM,Song 2 - 2012 Remaster,Blur,7MhMgCo0Bl0Kukl93PZbYS,78,7HvIrSkKGJCzd8AKyjTJ6Q,Blur (Special Edition),1997-02-10,0.674,0.789,8,-6.903,1,0.0676,0.00178,0.00708,0.0753,0.918,129.802,121160
0JhYO042gz7lBj98SCTM5P,東京は夜の七時,ピチカート・ファイヴ,0IQalWuw5NBk1xXG5GK0Bv,33,6XXYHc8PtLy885hQNeA4gC,THE BAND OF 20TH CENTURY: Nippon Columbia Years 1991-2001,2019-11-06,0.77,0.914,11,-4.372,0,0.0659,0.0434,0.00136,0.251,0.863,131.06,297720
4GiVcDqNQI0fc0yYuRGH9m,Inside Out,Eve 6,4Eqd24yS5YcxI8b6Xfuwr8,64,1qJOmC60ez9RNWPg4ELMBW,Eve 6,1998,0.483,0.818,11,-7.666,1,0.0444,0.114,0,0.367,0.691,175.668,219466
6txWz9UapYHVxEd7dDIHXT,No Rain,Blind Melon,5sD1ZLf2dGQ9gQ3YJl1eAd,73,55jET4vDioHHd7ztX7OX3h,Blind Melon,1992-01-01,0.389,0.476,9,-9.342,1,0.0316,0.619,5.09e-05,0.255,0.566,148.117,217106
5mkGfmJGFZpwK9nA5amOhv,Sex & Candy,Marcy Playground,7AQzXO3NPNQsI7oNu5rC3r,69,5dR0fhE3oveLRSUMMQ3oRB,Marcy Playground,1997-01-01,0.664,0.558,2,-9.159,1,0.0257,0.238,0,0.106,0.64,80.556,173493
6bEoozuY94YJVuW04LxyPW,ベイビィ・ポータブル・ロック,ピチカート・ファイヴ,0IQalWuw5NBk1xXG5GK0Bv,29,6XXYHc8PtLy885hQNeA4gC,THE BAND OF 20TH CENTURY: Nippon Columbia Years 1991-2001,2019-11-06,0.697,0.953,9,-2.929,1,0.0403,0.0268,0.00515,0.256,0.908,169.742,243013
3354J49VpkbZJho7Ztdzpw,Jumper - 1998 Edit,Third Eye Blind,6TcnmlCSxihzWOQJ8k0rNS,66,2gToC0XAblE9h3UZD6aAaQ,Third Eye Blind,1997-04-08,0.599,0.543,0,-9.226,1,0.0302,0.0129,0.00204,0.291,0.624,91.105,272973
6Fe3Flc9SjE03pqwD6PVQl,Amber,311,41Q0HrwWBtuUkJc7C1Rp6K,64,3TRn4uDntIyJV3bnu2Mnn1,From Chaos,2001-06-19,0.663,0.697,0,-9.442,1,0.0473,0.156,0.0224,0.0663,0.744,166.001,206973
1wrhhPzd2ncJPNgUcGgBGg,Machinehead - Remastered,Bush,78SHxLdtysAXgywQ4vE0Oa,65,2EVR73AnIDeYLxVDJIqObQ,Sixteen Stone (Remastered),1994-12-06,0.142,0.92,9,-4.426,1,0.115,2.65e-05,0.00518,0.126,0.193,171.763,256333
6vXcbiWH3B1fzjXxlNscn2,イッツ・ア・ビューティフル・デイ,ピチカート・ファイヴ,0IQalWuw5NBk1xXG5GK0Bv,22,6XXYHc8PtLy885hQNeA4gC,THE BAND OF 20TH CENTURY: Nippon Columbia Years 1991-2001,2019-11-06,0.577,0.955,0,-2.961,1,0.0463,0.0257,0,0.271,0.855,158.077,258933
0uppYCG86ajpV2hSR3dJJ0,Give It Away,Red Hot Chili Peppers,0L8ExT028jH3ddEcZwqJJ5,72,30Perjew8HyGkdSmqguYyg,Blood Sugar Sex Magik (Deluxe Edition),1991-09-24,0.666,0.936,7,-9.919,1,0.0476,0.00244,0.086,0.153,0.776,91.577,282906
5vYA1mW9g2Coh1HUFUSmlb,3AM,Matchbox Twenty,3Ngh2zDBRPEriyxQDAMKd1,70,4vUXTcKz7tXxrNl84meN6i,Yourself or Someone Like You,1996-10-01,0.521,0.673,8,-8.685,1,0.0284,0.00573,0,0.12,0.543,108.031,225946
5buITai6eMzU8rJonMEI6e,Glycerine - Remastered,Bush,78SHxLdtysAXgywQ4vE0Oa,68,2EVR73AnIDeYLxVDJIqObQ,Sixteen Stone (Remastered),1994-12-06,0.421,0.335,5,-11.384,1,0.0324,0.0342,0.00236,0.0944,0.0889,114.227,266493
5sKcnKSG99NlP0mahUAwx8,陽の当たる大通り,ピチカート・ファイヴ,0IQalWuw5NBk1xXG5GK0Bv,27,6XXYHc8PtLy885hQNeA4gC,THE BAND OF 20TH CENTURY: Nippon Columbia Years 1991-2001,2019-11-06,0.699,0.829,9,-5.405,1,0.0326,0.0272,3.74e-06,0.125,0.537,100.104,254466
7bu0znpSbTks0O6I98ij0W,"Tonight, Tonight - Remastered 2012",The Smashing Pumpkins,40Yq4vzPs9VNUrIBG5Jr2i,66,55RhFRyQFihIyGf61MgcfV,Mellon Collie And The Infinite Sadness (Deluxe Edition),1995,0.277,0.67,6,-9.381,1,0.0376,6.28e-05,0.751,0.237,0.217,148.342,254626
5OoVWtlDOIuFqfBDXS7ASW,メッセージ・ソング,ピチカート・ファイヴ,0IQalWuw5NBk1xXG5GK0Bv,25,6XXYHc8PtLy885hQNeA4gC,THE BAND OF 20TH CENTURY: Nippon Columbia Years 1991-2001,2019-11-06,0.458,0.956,11,-3.659,0,0.045,0.131,0.0276,0.267,0.811,165.059,223080
7AimHQrOUoUTYbVX87D3Zl,96 Quite Bitter Beings,CKY,3ZQEU2arcWXSv3oz8hwWBK,58,2FnppgYWQ1bzMfdNP8lvDw,"Camp Kill Yourself, Vol.1",1999-01-01,0.458,0.779,3,-8.312,0,0.0486,0.00184,4.28e-05,0.313,0.729,99.093,201920
51UtgWS4z1eMPuLQOzPtNH,Amber,311,41Q0HrwWBtuUkJc7C1Rp6K,61,0OsjlbBaSZFbZnXGAUysMG,Greatest Hits '93 - '03,2004-06-08,0.659,0.727,4,-8.638,0,0.0455,0.119,0.00427,0.1,0.748,166.163,211080
1OBMSzh2ocRqK2gUFaMBSM,Lit Up,Buckcherry,0yN7xI1blow9nYIK0R8nM7,57,3H83sHnGmb6Sn9toZchZho,Buckcherry,1999-01-01,0.652,0.871,5,-3.136,0,0.034,0.000535,1.23e-05,0.357,0.938,128.822,215560
3BbSPxBUIzmmlzaGJrczFe,私のすべて,ピチカート・ファイヴ,0IQalWuw5NBk1xXG5GK0Bv,18,6XXYHc8PtLy885hQNeA4gC,THE BAND OF 20TH CENTURY: Nippon Columbia Years 1991-2001,2019-11-06,0.871,0.331,5,-10.537,0,0.0827,0.557,0.0153,0.165,0.613,107.681,113213
0sqE6XPi9VAaWl5NxDyMQK,All Over You,Live,6eoJpTIlcuxJNjV5fDzDJH,61,4ZsG3ifn9sIcrFT1ecw0gF,Throwing Copper,1994-01-01,0.322,0.835,1,-5.902,1,0.0572,0.00463,1.06e-06,0.294,0.352,132.097,239546
7GNLvWRG9itrCk0zarYKmQ,December,Collective Soul,4e5V1Q2dKCzbLVMQ8qbTn6,62,6zGQoUd5QQ65xMx5OycFgE,Collective Soul,1995-03-14,0.683,0.645,0,-5.707,1,0.0272,0.589,0.00432,0.18,0.366,121.995,285000
3qCQNtggJw1gxoptMgDhyR,Snot,Snot,6TnlohrPbZ8D0JvJp9S1t8,55,73HoiOlintxrZhZHV9zSda,Get Some,1997-01-01,0.584,0.976,1,-3.868,1,0.156,0.00432,0.0408,0.333,0.535,140.304,201933
0wRjyHj9mnG7pQH8LOy6MD,スウィート・ソウル・レヴュー,ピチカート・ファイヴ,0IQalWuw5NBk1xXG5GK0Bv,22,6XXYHc8PtLy885hQNeA4gC,THE BAND OF 20TH CENTURY: Nippon Columbia Years 1991-2001,2019-11-06,0.803,0.904,4,-3.846,1,0.0372,0.093,0.000261,0.131,0.851,125.019,256613
3LpnzPxkMI6XS4JCbhNeek,I Alone,Live,6eoJpTIlcuxJNjV5fDzDJH,61,4ZsG3ifn9sIcrFT1ecw0gF,Throwing Copper,1994-01-01,0.395,0.817,6,-7.282,1,0.0451,0.00228,0.00416,0.372,0.0991,90.231,231133
2CLSHTGF4jYXx2RCz1h0dS,"April 29, 1992 (Miami)",Sublime,0EdvGhlC1FkGItLOWQzG4J,54,14eK347GdWO4mBBx78tsut,Sublime,1996-07-30,0.746,0.665,2,-6.106,1,0.0963,0.00532,0.000804,0.155,0.751,79.022,233266
1Ah8sXLBBC51HXyAd1Dwjq,万事快調,ピチカート・ファイヴ,0IQalWuw5NBk1xXG5GK0Bv,18,6XXYHc8PtLy885hQNeA4gC,THE BAND OF 20TH CENTURY: Nippon Columbia Years 1991-2001,2019-11-06,0.69,0.987,3,-3.53,0,0.0415,0.0368,0.0929,0.13,0.958,131.967,274973
5l2DXYLyBVZWhdpgqa3a9k,Everything Zen - Remastered,Bush,78SHxLdtysAXgywQ4vE0Oa,57,2EVR73AnIDeYLxVDJIqObQ,Sixteen Stone (Remastered),1994-12-06,0.48,0.848,0,-4.44,1,0.0455,0.000316,0.00523,0.152,0.354,134.227,278133
0HDaKOlVAfUWXdFR2RhBtN,Down,311,41Q0HrwWBtuUkJc7C1Rp6K,56,6VIeIM5tetuv7FrYxISffU,311,1995-07-11,0.441,0.922,6,-6.644,0,0.0655,0.000179,1.97e-06,0.381,0.565,175.411,172160
7aM4eHqMMXpQxyGK9b5zCs,アイスクリーム・メルティン・メロウ,ピチカート・ファイヴ,0IQalWuw5NBk1xXG5GK0Bv,14,6XXYHc8PtLy885hQNeA4gC,THE BAND OF 20TH CENTURY: Nippon Columbia Years 1991-2001,2019-11-06,0.77,0.836,7,-4.991,1,0.0728,0.00517,0.102,0.0986,0.594,91.989,378891
3fNf71Ktya4CYMqGM6eRud,Stupid Girl - Remastered 2015,Garbage,6S0GHTqz5sxK5f9HtLXn9q,52,1Vze7jtjAVQOdIIQ8oO2X7,Garbage (20th Anniversary Deluxe Edition/Remastered),1995,0.634,0.756,1,-4.81,0,0.0332,0.00251,0.000441,0.0427,0.661,119.948,258533
4tiNxhEmbDkEFdIHbXPYsw,トウキョウ・モナムール,ピチカート・ファイヴ,0IQalWuw5NBk1xXG5GK0Bv,16,6XXYHc8PtLy885hQNeA4gC,THE BAND OF 20TH CENTURY: Nippon Columbia Years 1991-2001,2019-11-06,0.666,0.575,3,-7.129,1,0.029,0.0992,0.0722,0.136,0.887,89.077,352773
6BdD561PmmMhpUYI7Qhaut,Everything To Everyone,Everclear,694QW15WkebjcrWgQHzRYF,51,7xk1Tl6UZ8OALZkFEagPsM,So Much For The Afterglow,1997-10-07,0.646,0.945,0,-5.689,1,0.0473,0.0919,1.53e-05,0.0599,0.796,100.027,200266
1W02KkFerpTBP29RKIt2c4,Something's Always Wrong,Toad The Wet Sprocket,4j7EVY3kuDwLPfD2jfC7LC,45,6gdq0tzScSPbteGqpJgHjM,Dulcinea,1994-04-27,0.537,0.86,3,-7.042,0,0.0339,0.0627,0.000856,0.0929,0.553,134.616,296933
5ReYNiEmcN500JQmtGhHPw,愛餓を,ピチカート・ファイヴ,0IQalWuw5NBk1xXG5GK0Bv,13,6XXYHc8PtLy885hQNeA4gC,THE BAND OF 20TH CENTURY: Nippon Columbia Years 1991-2001,2019-11-06,0.479,0.585,9,-8.781,1,0.0347,0.603,0.787,0.535,0.674,87.703,218093
0p7H3kcuqKSzrJhEEAQZKc,Devil Without a Cause,Kid Rock,7dOBabd5O4CvKrg4iriHTM,48,7nFlAxnXMrQRpM1R80pKQm,Devil Without a Cause,1998,0.664,0.933,4,-4.21,1,0.209,0.0463,0,0.123,0.454,92.303,332640
3mtukCAgd0mE260QcBfXAX,Love Song,311,41Q0HrwWBtuUkJc7C1Rp6K,57,0OsjlbBaSZFbZnXGAUysMG,Greatest Hits '93 - '03,2004-06-08,0.625,0.686,9,-8.337,0,0.0309,0.0154,0.0499,0.0932,0.556,139.817,211693
62Cx8FoIXlP9Oaj9OuLbSU,I Burn,Toadies,2QMMktUMtwMSwUZATX1cRO,44,7tFTqVGHceSlXOaz8IylBN,Rubberneck,1994-01-01,0.709,0.575,6,-11.589,1,0.0281,0.0572,0.000161,0.11,0.642,88.53,212000
11u7DJ4Hq27KCUV2L4Fy40,ハッピー・サッド,ピチカート・ファイヴ,0IQalWuw5NBk1xXG5GK0Bv,19,6XXYHc8PtLy885hQNeA4gC,THE BAND OF 20TH CENTURY: Nippon Columbia Years 1991-2001,2019-11-06,0.708,0.956,0,-3.704,1,0.0411,0.216,3.05e-05,0.147,0.88,115.017,294746
7ye3N9FfQLnLNH6VxBlZA0,A Murder Of One,Counting Crows,0vEsuISMWAKNctLlUAhSZC,45,4nKfZbCALT9H9LfedtDwnZ,August And Everything After,1993-01-01,0.533,0.597,6,-8.175,1,0.0418,0.125,0.000768,0.106,0.406,116.207,343800
